{"cameraMode":{"drawMode":2,"name":"Shaded Wireframe","section":"Shading Mode"},"sceneLighting":false,"audioPlay":false,"sceneViewState":{"m_AlwaysRefresh":false,"showFog":true,"showSkybox":false,"showFlares":true,"showImageEffects":true,"showParticleSystems":true,"showVisualEffectGraphs":true,"m_FxEnabled":true},"in2DMode":false,"pivot":{"x":0.036233097314834598,"y":0.6032990217208862,"z":0.04648464918136597},"rotation":{"x":0.06590459495782852,"y":-0.9157053232192993,"z":0.1680522859096527,"w":0.3591712415218353},"size":0.9053686857223511,"orthographic":false}